screen_id,role,surface,reference,route,scenario,component,read_model,command_or_event,permission,desktop_visual,mobile_visual,functional_test,phase,status
C00,client,authentication,docs/design/fss-studio-experience/wireframes/C00.svg,/portal/login,invited client sign-in,PortalLoginForm,portalAuthConfigured,Clerk sign-in,portalAuthConfigured,client sign-in desktop matches C00,client sign-in mobile reflows C00,components/portal/auth/login-presentation.test.tsx,1,verified
C01,client,workspace-overview,docs/design/fss-studio-experience/wireframes/C01.svg,/portal?organisationId=:organisationId,owner with review ready,ClientOverview,loadClientOverview,create request,requirePortalMember:request.create,client overview desktop matches C01,client overview mobile matches M01,components/portal/overview/client-overview.test.tsx,1,verified
C02,client,getting-started,docs/design/fss-studio-experience/wireframes/C02.svg,/portal/getting-started,approved welcome packet and evidence-derived next task,ClientOnboardingWorkspaceView,loadClientOnboardingWorkspace,read approved packet / download retained PDF / open launch task,requirePortalMember:owner,Phase 4 C02 desktop matches the approved journey,Phase 4 M02 mobile matches the approved journey,tests/e2e/welcome-rendered-review.spec.ts,4,verified
C03,client,project-list,docs/design/fss-studio-experience/wireframes/C03.svg,/portal/projects,client with active projects,ClientProjectList,listPortalProjects,open active project,requirePortalMember:project.view,Phase 5 C03 desktop matches the approved client workspace,Phase 5 C03 mobile matches the approved client workspace,app/(portal)/(client)/portal/projects/page.test.tsx,5,verified
C04,client,project-detail,docs/design/fss-studio-experience/wireframes/C04.svg,/portal/projects/:projectId,client viewing one project,ProjectSummary,loadPortalProject,create request,requirePortalMember:request.create,Phase 5 C04 desktop matches the approved client workspace,Phase 5 C04 mobile matches the approved client workspace,app/(portal)/(client)/portal/projects/[projectId]/page.test.tsx,5,verified
C05,client,request-list,docs/design/fss-studio-experience/wireframes/C05.svg,/portal/requests,client request board,ClientRequestList,listPortalRequests,create request,requirePortalMember:request.create,C05 desktop visual,M03 mobile visual,components/portal/requests/list.test.tsx,2,verified
C06,client,request-create,docs/design/fss-studio-experience/wireframes/C06.svg,/portal/requests/new,client creates work request,RequestForm,createPortalRequest,submit request,requirePortalMember:request.create,C06 desktop visual,C06 mobile visual,components/portal/requests/request-form.test.tsx,2,verified
C07,client,bug-report,docs/design/fss-studio-experience/wireframes/C07.svg,/portal/requests/new?type=bug,client reports defect,RequestForm,createPortalRequest,submit bug report,requirePortalMember:request.create,C07 desktop visual,M04 mobile visual,components/portal/requests/request-form.test.tsx,2,verified
C08,client,request-detail,docs/design/fss-studio-experience/wireframes/C08.svg,/portal/requests/:requestId,client comments on request,RequestDetail,loadPortalRequest,send comment,requirePortalMember:request.view,Phase 7 C08 desktop matches the completed request journey,Phase 7 C08 mobile matches the completed request journey,components/portal/requests/accessibility.test.tsx,7,verified
C09,client,request-review,docs/design/fss-studio-experience/wireframes/C09.svg,/portal/requests/:requestId/review,client reviews delivery,ReviewActions,loadPortalRequestReview,open preview,requirePortalMember:request.review,C09 desktop visual,M05 mobile visual,components/portal/requests/review-actions.test.tsx,2,verified
C10,client,request-review-feedback,docs/design/fss-studio-experience/wireframes/C10.svg,/portal/requests/:requestId/review?decision=changes,client requests changes,ReviewActions,submitPortalReview,send feedback,requirePortalMember:request.review,Phase 7 C10 desktop matches the completed request journey,Phase 7 C10 mobile matches the completed request journey,components/portal/requests/accessibility.test.tsx,7,verified
C11,client,request-complete,docs/design/fss-studio-experience/wireframes/C11.svg,/portal/requests/:requestId?state=done,client views completed request,RequestDetail,loadPortalRequest,return to requests,requirePortalMember:request.view,Phase 7 C11 desktop matches the completed request journey,Phase 7 C11 mobile matches the completed request journey,components/portal/requests/accessibility.test.tsx,7,verified
C12,client,document-list,docs/design/fss-studio-experience/wireframes/C12.svg,/portal/documents,client views documents,DocumentWorkspaceList,listPortalDocuments,upload document,requirePortalMember:document.upload,Phase 5 C12 desktop matches the approved client workspace,Phase 5 C12 mobile matches the approved client workspace,components/portal/workspace/document-workspace-list.test.tsx,5,verified
C13,client,document-detail,docs/design/fss-studio-experience/wireframes/C13.svg,/portal/documents/:documentId,client downloads document,DocumentWorkspaceList,loadPortalDocument,download file,requirePortalMember:document.view,Phase 5 C13 desktop matches the approved client workspace,Phase 5 C13 mobile matches the approved client workspace,lib/operations/documents/access.test.ts,5,verified
C14,client,agreement-list,docs/design/fss-studio-experience/wireframes/C14.svg,/portal/agreements,client sees agreements,ClientAgreementList,listPortalAgreements,review agreement,requirePortalMember:agreement.view,C14 desktop visual,C14 mobile visual,app/(portal)/(client)/portal/agreements/page.test.tsx,3,verified
C15,client,agreement-detail,docs/design/fss-studio-experience/wireframes/C15.svg,/portal/agreements/:agreementId,client reads agreement,ClientAgreementDetail,loadPortalAgreement,continue to signing,requirePortalMember:agreement.sign,C15 desktop visual,C15 mobile visual,components/portal/agreements/client-agreement-detail.test.tsx,3,verified
C16,client,agreement-signing,docs/design/fss-studio-experience/wireframes/C16.svg,/portal/agreements/:agreementId/sign,client signs agreement,ClientAgreementSigning,prepareSigningAction,sign agreement,requirePortalMember:agreement.sign,C16 desktop visual,C16 mobile visual,lib/operations/agreements/signing-http.test.ts,3,verified
C17,client,billing-overview,docs/design/fss-studio-experience/wireframes/C17.svg,/portal/billing,billing contact views invoices,InvoiceList,listPortalInvoices,view next invoice,requirePortalMember:billing.view,Phase 5 C17 desktop matches the approved client workspace,Phase 5 C17 mobile matches the approved client workspace,components/portal/billing/accessibility.test.tsx,5,verified
C18,client,invoice-detail,docs/design/fss-studio-experience/wireframes/C18.svg,/portal/billing/invoices/:invoiceId,billing contact downloads invoice,InvoiceList,loadPortalInvoice,download invoice,requirePortalMember:billing.view,Phase 5 C18 desktop matches the approved client workspace,Phase 5 C18 mobile matches the approved client workspace,lib/operations/billing/client.test.ts,5,verified
C19,client,service-list,docs/design/fss-studio-experience/wireframes/C19.svg,/portal/services,client views service offers,OfferList,listPortalOffers,ask about a service,requirePortalMember:service.view,Phase 5 C19 desktop matches the approved client workspace,Phase 5 C19 mobile matches the approved client workspace,components/portal/services/offer-list.test.tsx,5,verified
C20,client,service-enquiry,docs/design/fss-studio-experience/wireframes/C20.svg,/portal/services/:offerId/enquire,client submits service enquiry,EnquiryForm,createServiceEnquiry,send enquiry,requirePortalMember:service.enquire,Phase 5 C20 desktop matches the approved client workspace,Phase 5 C20 mobile matches the approved client workspace,components/portal/services/enquiry-form.test.tsx,5,verified
C21,client,notification-list,docs/design/fss-studio-experience/wireframes/C21.svg,/portal/notifications,client reads notifications,ClientNotifications,listPortalNotifications,mark all as read,requirePortalMember:notification.view,Phase 5 C21 desktop matches the approved client workspace,Phase 5 C21 mobile matches the approved client workspace,components/portal/requests/mark-notifications-read.test.tsx,5,verified
C22,client,help-request,docs/design/fss-studio-experience/wireframes/C22.svg,/portal/help,client asks for help,HelpRequestForm,createPortalRequest,create help request,requirePortalMember:request.create,Phase 5 C22 desktop matches the approved client workspace,Phase 5 C22 mobile matches the approved client workspace,app/(portal)/(client)/portal/help/page.test.tsx,5,verified
C23,client,preferences,docs/design/fss-studio-experience/wireframes/C23.svg,/portal/settings,client updates preferences,NotificationPreferences,updateNotificationPreferences,save preferences,requirePortalMember:settings.edit,Phase 5 C23 desktop matches the approved client workspace,Phase 5 C23 mobile matches the approved client workspace,lib/operations/workspaces/notification-preference-handler.test.ts,5,verified
C24,client,team,docs/design/fss-studio-experience/wireframes/C24.svg,/portal/settings/team,owner manages team,TeamList,listPortalTeam,request access change,requirePortalMember:team.manage,Phase 5 C24 desktop matches the approved client workspace,Phase 5 C24 mobile matches the approved client workspace,components/portal/workspace/team-list.test.tsx,5,verified
C25,client,workspace-switcher,docs/design/fss-studio-experience/wireframes/C25.svg,/portal/workspaces,client chooses membership workspace,ClientWorkspaceChooser,listPortalMemberships,select workspace,verifiedPortalIdentity,client workspace selection desktop matches C25,client workspace selection desktop matches C25,components/portal/overview/client-overview.test.tsx,1,verified
C26,client,onboarding-profile,docs/design/fss-studio-experience/wireframes/C26.svg,/portal/onboarding/tasks/:taskId,client completes profile task,ClientOnboardingTaskDetail,loadClientOnboardingWorkspace,complete profile,requirePortalMember:onboarding.complete,Phase 4 C26 desktop matches the approved journey,Phase 4 C26 mobile matches the approved journey,components/portal/onboarding/client-onboarding-task.test.tsx,4,verified
C27,client,onboarding-assets,docs/design/fss-studio-experience/wireframes/C27.svg,/portal/onboarding/tasks/:taskId/upload,client uploads brand assets,ClientOnboardingTaskDetail,loadClientOnboardingWorkspace,attach cleared documents,requirePortalMember:onboarding.complete,Phase 4 C27 desktop matches the approved journey,Phase 4 C27 mobile matches the approved journey,components/portal/onboarding/client-onboarding-task.test.tsx,4,verified
C28,client,onboarding-booking,docs/design/fss-studio-experience/wireframes/C28.svg,/portal/onboarding/tasks/:taskId/booking,client chooses kickoff time,ClientOnboardingTaskDetail,loadClientOnboardingWorkspace,open booking,requirePortalMember:onboarding.complete,Phase 4 C28 desktop matches the approved journey,Phase 4 C28 mobile matches the approved journey,components/portal/onboarding/client-onboarding-task.test.tsx,4,verified
C29,client,onboarding-complete,docs/design/fss-studio-experience/wireframes/C29.svg,/portal/getting-started?state=complete,client completes setup,ClientOnboardingWorkspaceView,loadClientOnboardingWorkspace,review completed tasks,requirePortalMember:onboarding.complete,Phase 4 C29 desktop matches the approved journey,Phase 4 C29 mobile matches the approved journey,components/portal/onboarding/client-onboarding-workspace.test.tsx,4,verified
C30,client,agreement-signed,docs/design/fss-studio-experience/wireframes/C30.svg,/portal/agreements/:agreementId?state=signed,client sees signed agreement,ClientAgreementDetail,loadPortalAgreement,continue setup,requirePortalMember:agreement.view,C30 desktop visual,C30 mobile visual,components/portal/agreements/client-agreement-detail.test.tsx,3,verified
C31,client,onboarding,docs/design/fss-studio-experience/wireframes/C31.svg,/portal/onboarding,First-time client creates an organisation,OrganisationOnboarding,needsPortalOnboarding,create organisation,portalAuthConfigured,client-organisation-onboarding desktop screenshot,client-organisation-onboarding mobile screenshot,tests/e2e/fss-studio.visual.spec.ts,9,verified
E01,email,review-requested,docs/design/fss-studio-experience/wireframes/E01.svg,email/review-requested,review notification recipient,ReviewRequestedEmail,requestReviewNotification,review update,notification-recipient,Phase 7 E01 desktop matches the completed request journey,Phase 7 E01 mobile matches the completed request journey,lib/operations/requests/notifications.test.ts,7,verified
E02,email,work-completed,docs/design/fss-studio-experience/wireframes/E02.svg,email/work-completed,completion notification recipient,WorkCompletedEmail,requestCompletionNotification,view completed work,notification-recipient,Phase 7 E02 desktop matches the completed request journey,Phase 7 E02 mobile matches the completed request journey,lib/operations/requests/notifications.test.ts,7,verified
F01,founder,studio-overview,docs/design/fss-studio-experience/wireframes/F01.svg,/portal/admin,FSS admin with action queue,StudioOverview,loadStudioOverview,view delivery,requireFssAdmin,Studio overview desktop matches F01,Studio overview mobile matches M07,components/portal/overview/studio-overview.test.tsx,1,verified
F02,founder,client-list,docs/design/fss-studio-experience/wireframes/F02.svg,/portal/admin/clients,FSS admin views clients,StudioClientRegister,listStudioClients,add client,requireFssAdmin,Phase 6 F02 desktop matches the Studio workspace,Phase 6 F02 mobile matches the Studio workspace,lib/operations/studio/clients.test.ts,6,verified
F03,founder,client-detail,docs/design/fss-studio-experience/wireframes/F03.svg,/portal/admin/clients/:organisationId,FSS admin views client,StudioClientDetail,loadStudioClient,prepare welcome,requireFssAdmin,Phase 6 F03 desktop matches the Studio workspace,Phase 6 F03 mobile matches the Studio workspace,lib/operations/studio/clients.test.ts,6,verified
F04,founder,client-create,docs/design/fss-studio-experience/wireframes/F04.svg,/portal/admin/clients/new,FSS admin creates client,StudioClientForm,createStaffClient,save client,requireFssAdmin,Phase 6 F04 desktop matches the Studio workspace,Phase 6 F04 mobile matches the Studio workspace,lib/operations/organisations/staff-service.test.ts,6,verified
F05,founder,delivery-board,docs/design/fss-studio-experience/wireframes/F05.svg,/portal/admin/delivery,FSS admin manages delivery,StaffDeliveryBoard,listStaffRequests,new request,requireFssAdmin,F05 desktop visual,F05 mobile visual,components/portal/requests/staff-delivery-board.test.tsx,2,verified
F06,founder,delivery-detail,docs/design/fss-studio-experience/wireframes/F06.svg,/portal/admin/clients/:organisationId/requests/:requestId,FSS admin posts update,StaffRequestDetail,loadStaffRequest,post public update,requireFssAdmin,Phase 7 F06 desktop matches the completed request journey,Phase 7 F06 mobile matches the completed request journey,components/portal/requests/accessibility.test.tsx,7,verified
F07,founder,delivery-review,docs/design/fss-studio-experience/wireframes/F07.svg,/portal/admin/clients/:organisationId/requests/:requestId?mode=review,FSS admin sends work for review,StaffRequestActions,submitStaffReview,publish review,requireFssAdmin,F07 desktop visual,F07 mobile visual,components/portal/requests/staff-request-actions.test.tsx,2,verified
F08,founder,delivery-scope,docs/design/fss-studio-experience/wireframes/F08.svg,/portal/admin/clients/:organisationId/requests/:requestId?mode=scope,FSS admin assesses scope,StaffRequestActions,assessRequestScope,save assessment,requireFssAdmin,Phase 7 F08 desktop matches the completed request journey,Phase 7 F08 mobile matches the completed request journey,components/portal/requests/accessibility.test.tsx,7,verified
F09,founder,agreement-list,docs/design/fss-studio-experience/wireframes/F09.svg,/portal/admin/agreements,FSS admin views agreements,StaffAgreementOverview,listStaffAgreements,new agreement,requireFssAdmin,F09 desktop visual,F09 mobile visual,components/portal/agreements/staff-agreement-overview.test.tsx,3,verified
F10,founder,agreement-builder-client,docs/design/fss-studio-experience/wireframes/F10.svg,/portal/admin/clients/:organisationId/agreements/new,FSS admin starts agreement,AgreementBuilder,createAgreementDraft,continue to scope,requireFssAdmin,F10 desktop visual,F10 mobile visual,components/portal/agreements/agreement-builder.test.tsx,3,verified
F11,founder,agreement-builder-scope,docs/design/fss-studio-experience/wireframes/F11.svg,/portal/admin/clients/:organisationId/agreements/new?step=scope,FSS admin scopes agreement,AgreementBuilder,updateAgreementDraft,continue to fees,requireFssAdmin,F11 desktop visual,F11 mobile visual,components/portal/agreements/agreement-builder.test.tsx,3,verified
F12,founder,agreement-builder-fees,docs/design/fss-studio-experience/wireframes/F12.svg,/portal/admin/clients/:organisationId/agreements/new?step=fees,FSS admin sets agreement fees,AgreementBuilder,updateAgreementDraft,continue to people,requireFssAdmin,F12 desktop visual,F12 mobile visual,components/portal/agreements/agreement-builder.test.tsx,3,verified
F13,founder,agreement-builder-people,docs/design/fss-studio-experience/wireframes/F13.svg,/portal/admin/clients/:organisationId/agreements/new?step=people,FSS admin assigns people,AgreementBuilder,updateAgreementDraft,continue to document,requireFssAdmin,F13 desktop visual,F13 mobile visual,components/portal/agreements/agreement-builder.test.tsx,3,verified
F14,founder,agreement-builder-document,docs/design/fss-studio-experience/wireframes/F14.svg,/portal/admin/clients/:organisationId/agreements/new?step=document,FSS admin prepares document,AgreementBuilder,renderAgreementDraft,generate preview,requireFssAdmin,F14 desktop visual,F14 mobile visual,components/portal/agreements/agreement-builder.test.tsx,3,verified
F15,founder,agreement-builder-review,docs/design/fss-studio-experience/wireframes/F15.svg,/portal/admin/clients/:organisationId/agreements/new?step=review,FSS admin reviews agreement,AgreementBuilder,requestAgreementSigning,approve signing request,requireFssAdmin,F15 desktop visual,F15 mobile visual,components/portal/agreements/agreement-builder.test.tsx,3,verified
F16,founder,agreement-engagement-link,docs/design/fss-studio-experience/wireframes/F16.svg,/portal/admin/clients/:organisationId/agreements/new?state=no-engagement,FSS admin links engagement,AgreementBuilder,linkAgreementEngagement,link selected engagement,requireFssAdmin,F16 desktop visual,F16 mobile visual,components/portal/agreements/agreement-builder.test.tsx,3,verified
F17,founder,agreement-signed,docs/design/fss-studio-experience/wireframes/F17.svg,/portal/admin/clients/:organisationId/agreements/:agreementId,FSS admin sees signed agreement,StaffAgreementOverview,loadStaffAgreement,prepare welcome,requireFssAdmin,F17 desktop visual,F17 mobile visual,components/portal/agreements/staff-agreement-overview.test.tsx,3,verified
F18,founder,journey-list,docs/design/fss-studio-experience/wireframes/F18.svg,/portal/admin/welcome,FSS admin views welcome journeys,StaffJourneyOverview,listStaffJourneyOverview,open client workspace,requireFssAdmin,Phase 4 F18 desktop matches the approved journey,Phase 4 F18 mobile matches the approved journey,components/portal/onboarding/staff-journey-overview.test.tsx,4,verified
F19,founder,journey-builder-client,docs/design/fss-studio-experience/wireframes/F19.svg,/portal/admin/clients/:organisationId/journey?step=setup,persistent five-stage welcome composer,StaffJourneyBuilder,loadStaffOnboardingWorkspace + listStaffWelcomePacks + loadActiveStudioSettings,save journey draft,requireFssAdmin,Phase 4 F19 desktop matches the approved journey,Phase 4 F19 mobile matches the approved journey,tests/e2e/welcome-composer.spec.ts,4,verified
F20,founder,journey-builder-content,docs/design/fss-studio-experience/wireframes/F20.svg,/portal/admin/clients/:organisationId/journey?step=content,persistent five-stage welcome composer,StaffJourneyBuilder,loadStaffOnboardingWorkspace + listStaffWelcomePacks + loadActiveStudioSettings,save journey draft,requireFssAdmin,Phase 4 F20 desktop matches the approved journey,Phase 4 F20 mobile matches the approved journey,tests/e2e/welcome-composer.spec.ts,4,verified
F21,founder,journey-builder-access,docs/design/fss-studio-experience/wireframes/F21.svg,/portal/admin/clients/:organisationId/journey?step=access,persistent five-stage welcome composer,StaffJourneyBuilder,loadStaffOnboardingWorkspace + listStaffWelcomePacks + loadActiveStudioSettings,save journey draft,requireFssAdmin,Phase 4 F21 desktop matches the approved journey,Phase 4 F21 mobile matches the approved journey,tests/e2e/welcome-composer.spec.ts,4,verified
F22,founder,journey-builder-schedule,docs/design/fss-studio-experience/wireframes/F22.svg,/portal/admin/clients/:organisationId/journey?step=schedule,persistent five-stage welcome composer,StaffJourneyBuilder,loadStaffOnboardingWorkspace + listStaffWelcomePacks + loadActiveStudioSettings,save journey draft,requireFssAdmin,Phase 4 F22 desktop matches the approved journey,Phase 4 F22 mobile matches the approved journey,tests/e2e/welcome-composer.spec.ts,4,verified
F23,founder,journey-activate,docs/design/fss-studio-experience/wireframes/F23.svg,/portal/admin/clients/:organisationId/journey?step=activate,persistent five-stage welcome composer,StaffJourneyBuilder,loadStaffOnboardingWorkspace + listStaffWelcomePacks + loadActiveStudioSettings,start onboarding,requireFssAdmin,Phase 4 F23 desktop matches the approved journey,Phase 4 M08 mobile matches the approved journey,tests/e2e/welcome-composer.spec.ts,4,verified
F24,founder,journey-detail,docs/design/fss-studio-experience/wireframes/F24.svg,/portal/admin/clients/:organisationId/journey,FSS admin manages journey,StaffJourneyWorkspace,listStaffJourneys,pause journey,requireFssAdmin,Phase 4 F24 desktop matches the approved journey,Phase 4 F24 mobile matches the approved journey,components/portal/onboarding/staff-journey-overview.test.tsx,4,verified
F25,founder,journey-recovery,docs/design/fss-studio-experience/wireframes/F25.svg,/portal/admin/clients/:organisationId/journey?view=recovery,FSS admin recovers journey,JourneyTimeline,listStaffJourneys,reconcile delivery,requireFssAdmin,Phase 4 F25 desktop matches the approved journey,Phase 4 F25 mobile matches the approved journey,lib/operations/onboarding/recovery.test.ts,4,verified
F26,founder,journey-templates,docs/design/fss-studio-experience/wireframes/F26.svg,/portal/admin/welcome/templates?organisationId=:organisationId,three cover-card editions and selected packet workspace,WelcomePackEditor,listStaffWelcomePacks,save_draft / publish,requireFssAdmin,Phase 4 F26 desktop matches the approved journey,Phase 4 F26 mobile matches the approved journey,tests/e2e/welcome-composer.spec.ts,4,verified
F27,founder,billing-operations,docs/design/fss-studio-experience/wireframes/F27.svg,/portal/admin/billing,FSS admin views billing exceptions,BillingOperations,listStudioBillingOperations,open exceptions,requireFssAdmin,Phase 6 F27 desktop matches the Studio workspace,Phase 6 F27 mobile matches the Studio workspace,lib/operations/studio/operations-queues.test.ts,6,verified
F28,founder,portal-access,docs/design/fss-studio-experience/wireframes/F28.svg,/portal/admin/portal-access,complete authorised totals and scoped identity dialogs,PortalAccessWorkspace,listStudioPortalAccess,review invitation,requireFssAdmin,Phase 6 F28 desktop matches the Studio workspace,Phase 6 F28 mobile matches the Studio workspace,tests/e2e/portal-access-workspace.spec.ts,6,verified
F29,founder,studio-notifications,docs/design/fss-studio-experience/wireframes/F29.svg,/portal/admin/notifications,FSS admin inspects deliveries,NotificationDelivery,listStudioNotifications,open failed deliveries,requireFssAdmin,Phase 6 F29 desktop matches the Studio workspace,Phase 6 F29 mobile matches the Studio workspace,lib/operations/studio/operations-queues.test.ts,6,verified
F30,founder,studio-settings,docs/design/fss-studio-experience/wireframes/F30.svg,/portal/admin/settings,revisioned active operations station,StudioSettings,loadStudioSettings,applyActiveStudioSettings,requireFssAdmin,Phase 6 F30 desktop matches the Studio workspace,Phase 6 F30 mobile matches the Studio workspace,tests/e2e/studio-settings.spec.ts,6,verified
F31,founder,project-edit,docs/design/fss-studio-experience/wireframes/F31.svg,/portal/admin/projects/:projectId/edit,FSS admin edits client project,StudioProjectForm,executeStaffProjectCommand,save project,requireFssAdmin,Phase 6 F31 desktop matches the Studio workspace,Phase 6 F31 mobile matches the Studio workspace,components/portal/studio/project-form.test.tsx,6,verified
F32,founder,engagement-create,docs/design/fss-studio-experience/wireframes/F32.svg,/portal/admin/clients/:organisationId/engagements/new,FSS admin creates engagement,EngagementForm,createEngagement,create link engagement,requireFssAdmin,F32 desktop visual,F32 mobile visual,lib/operations/agreements/service.test.ts,3,verified
F33,founder,journey-checklist,docs/design/fss-studio-experience/wireframes/F33.svg,/portal/admin/welcome/templates/:templateId/tasks?organisationId=:organisationId,FSS admin builds checklist,JourneyTemplateEditor,loadStaffOnboardingWorkspace,save template draft,requireFssAdmin,Phase 4 F33 desktop matches the approved journey,Phase 4 F33 mobile matches the approved journey,components/portal/onboarding/journey-template-editor.test.tsx,4,verified
F34,founder,signature-evidence,docs/design/fss-studio-experience/wireframes/F34.svg,/portal/admin/clients/:organisationId/agreements/:agreementId/record-signature,FSS admin records signature,SignatureEvidenceForm,recordAgreementSignature,review signed evidence,requireFssAdmin,F34 desktop visual,F34 mobile visual,lib/operations/agreements/signing-http.test.ts,3,verified
F35,founder,journey-task,docs/design/fss-studio-experience/wireframes/F35.svg,/portal/admin/welcome/templates/:templateId/tasks/:taskId?organisationId=:organisationId,FSS admin edits checklist task,JourneyTemplateEditor,loadStaffOnboardingWorkspace,save template draft,requireFssAdmin,Phase 4 F35 desktop matches the approved journey,Phase 4 F35 mobile matches the approved journey,components/portal/onboarding/journey-template-editor.test.tsx,4,verified
F36,founder,delivery-create,docs/design/fss-studio-experience/wireframes/F36.svg,/portal/admin/delivery/new,FSS admin creates client work,StaffRequestForm,createStaffRequest,create request,requireFssAdmin,Phase 7 F36 desktop matches the completed request journey,Phase 7 F36 mobile matches the completed request journey,components/portal/requests/accessibility.test.tsx,7,verified
F37,founder,signing-status,docs/design/fss-studio-experience/wireframes/F37.svg,/portal/admin/clients/:organisationId/agreements/:agreementId?state=awaiting-signature,FSS admin views signing state,StaffAgreementOverview,loadStaffAgreement,view signing status,requireFssAdmin,F37 desktop visual,F37 mobile visual,lib/operations/agreements/signing-growth.test.ts,3,verified
F38,founder,agreements,docs/design/fss-studio-experience/wireframes/F38.svg,/portal/admin/clients/:organisationId/agreements,FSS admin reviews a client agreement register,StaffAgreementRegister,listStaffAgreementRegister,open or create agreement,requireFssAdmin,studio-client-agreements desktop screenshot,studio-client-agreements mobile screenshot,tests/e2e/fss-studio.visual.spec.ts,9,verified
F39,founder,delivery,docs/design/fss-studio-experience/wireframes/F39.svg,/portal/admin/clients/:organisationId/requests,FSS admin reviews one client’s requests,StaffClientRequestRegister,listStaffClientRequests,open request,requireFssAdmin,studio-client-requests desktop screenshot,studio-client-requests mobile screenshot,tests/e2e/fss-studio.visual.spec.ts,9,verified
F40,founder,agreements,docs/design/fss-studio-experience/wireframes/F40.svg,/portal/admin/clients/:organisationId/signing,FSS admin reviews a client’s signing status,StaffSigningStatus,listStaffSigning,approve signing or review evidence,requireFssAdmin,studio-client-signing desktop screenshot,studio-client-signing mobile screenshot,tests/e2e/fss-studio.visual.spec.ts,9,verified
F41,founder,projects,docs/design/fss-studio-experience/wireframes/F41.svg,/portal/admin/projects,FSS admin filters and reviews client projects,StudioProjectRegister,listStaffProjects,edit project,requireFssAdmin,studio-projects desktop screenshot,studio-projects mobile screenshot,tests/e2e/fss-studio.visual.spec.ts,9,verified
F42,founder,projects,docs/design/fss-studio-experience/wireframes/F42.svg,/portal/admin/projects/new,FSS admin creates project from a saved agreement,NewStudioProjectForm,listStaffAgreementRegister,create project,requireFssAdmin,studio-project-create desktop screenshot,studio-project-create mobile screenshot,tests/e2e/fss-studio.visual.spec.ts,9,verified
F43,founder,projects,docs/design/fss-studio-experience/wireframes/F43.svg,/portal/admin/projects/documents,FSS admin reviews documents attached to delivery work,StudioProjectDocumentRegister,listStaffDocuments,open client context,requireFssAdmin,studio-project-documents desktop screenshot,studio-project-documents mobile screenshot,tests/e2e/fss-studio.visual.spec.ts,9,verified
M01,mobile,workspace-overview,docs/design/fss-studio-experience/wireframes/M01.svg,/portal?organisationId=:organisationId,owner uses mobile overview,ClientOverview,loadClientOverview,create request,requirePortalMember:request.create,client overview desktop matches C01,client overview mobile matches M01,components/portal/overview/client-overview.test.tsx,1,verified
M02,mobile,getting-started,docs/design/fss-studio-experience/wireframes/M02.svg,/portal/getting-started,client uses mobile setup,ClientOnboardingWorkspaceView,loadClientOnboardingWorkspace,open launch task,requirePortalMember:owner,Phase 4 C02 desktop matches the approved journey,Phase 4 M02 mobile matches the approved journey,components/portal/onboarding/client-onboarding-workspace.test.tsx,4,verified
M03,mobile,request-list,docs/design/fss-studio-experience/wireframes/M03.svg,/portal/requests,client uses mobile requests,ClientRequestList,listPortalRequests,create request,requirePortalMember:request.create,C05 desktop visual,M03 mobile visual,components/portal/requests/list.test.tsx,2,verified
M04,mobile,bug-report,docs/design/fss-studio-experience/wireframes/M04.svg,/portal/requests/new?type=bug,client reports mobile bug,RequestForm,createPortalRequest,submit bug report,requirePortalMember:request.create,C07 desktop visual,M04 mobile visual,components/portal/requests/request-form.test.tsx,2,verified
M05,mobile,request-review,docs/design/fss-studio-experience/wireframes/M05.svg,/portal/requests/:requestId/review,client reviews work on mobile,ReviewActions,loadPortalRequestReview,open preview,requirePortalMember:request.review,C09 desktop visual,M05 mobile visual,components/portal/requests/review-actions.test.tsx,2,verified
M06,mobile,agreement-detail,docs/design/fss-studio-experience/wireframes/M06.svg,/portal/agreements/:agreementId,client reads agreement on mobile,ClientAgreementDetail,loadPortalAgreement,continue to signing,requirePortalMember:agreement.sign,client agreement detail desktop matches C15,client agreement detail mobile matches M06,components/portal/agreements/client-agreement-detail.test.tsx,3,verified
M07,mobile,studio-overview,docs/design/fss-studio-experience/wireframes/M07.svg,/portal/admin,FSS admin uses mobile overview,StudioOverview,loadStudioOverview,view delivery,requireFssAdmin,Studio overview desktop matches F01,Studio overview mobile matches M07,components/portal/overview/studio-overview.test.tsx,1,verified
M08,mobile,journey-activate,docs/design/fss-studio-experience/wireframes/M08.svg,/portal/admin/clients/:organisationId/journey?step=activate,FSS admin activates mobile journey,JourneyPreview,prepareWelcomePreview,start onboarding,requireFssAdmin,Phase 4 F23 desktop matches the approved journey,Phase 4 M08 mobile matches the approved journey,components/operations/onboarding/journey-preview.test.tsx,4,verified
S01,shared,request-empty,docs/design/fss-studio-experience/wireframes/S01.svg,/portal/requests?state=empty,client has no requests,ClientRequestList,listPortalRequests,create request,requirePortalMember:request.create,Phase 7 S01 desktop matches the completed request journey,Phase 7 S01 mobile matches the completed request journey,components/portal/requests/accessibility.test.tsx,7,verified
S02,shared,request-no-project,docs/design/fss-studio-experience/wireframes/S02.svg,/portal/requests/new?state=no-project,client has no project,RequestForm,listPortalProjects,ask FSS for help,requirePortalMember:request.create,Phase 7 S02 desktop matches the completed request journey,Phase 7 S02 mobile matches the completed request journey,components/portal/requests/accessibility.test.tsx,7,verified
S03,shared,request-conflict,docs/design/fss-studio-experience/wireframes/S03.svg,/portal/requests/:requestId?state=conflict,client has stale request version,RequestDetail,loadPortalRequest,review latest version,requirePortalMember:request.view,Phase 7 S03 desktop matches the completed request journey,Phase 7 S03 mobile matches the completed request journey,components/portal/requests/accessibility.test.tsx,7,verified
S04,shared,workspace-unavailable,docs/design/fss-studio-experience/wireframes/S04.svg,/portal?state=unavailable,authorised workspace read fails,ClientOverview,loadClientOverview,retry workspace load,requirePortalMember,Phase 5 S04 desktop matches the approved client workspace,Phase 5 S04 mobile matches the approved client workspace,components/portal/overview/client-overview.test.tsx,5,verified
S05,shared,invitation-expired,docs/design/fss-studio-experience/wireframes/S05.svg,/portal/activate?state=expired,client opens expired invitation,InvitationActivation,claimPortalInvitation,request invitation,portalAuthConfigured,Phase 5 S05 desktop matches the approved client workspace,Phase 5 S05 mobile matches the approved client workspace,components/portal/auth/invitation-activation.test.ts,5,verified
S06,shared,journey-blocked,docs/design/fss-studio-experience/wireframes/S06.svg,/portal/admin/welcome?state=blocked,FSS admin sees blocked journey,JourneyRecovery,loadStaffJourneyRecovery,review missing details,requireFssAdmin,Phase 6 S06 desktop matches the Studio workspace,Phase 6 S06 mobile matches the Studio workspace,lib/operations/onboarding/staff-recovery.test.ts,6,verified
S07,shared,document-quarantine,docs/design/fss-studio-experience/wireframes/S07.svg,/portal/documents?state=quarantine,client sees scanning status,DocumentWorkspaceList,listPortalDocuments,return to documents,requirePortalMember:document.view,Phase 5 S07 desktop matches the approved client workspace,Phase 5 S07 mobile matches the approved client workspace,lib/operations/documents/access.test.ts,5,verified
S08,shared,delivery-move-sheet,docs/design/fss-studio-experience/wireframes/S08.svg,/portal/admin/delivery?state=move-sheet,FSS admin moves review work,StaffDeliveryBoard,submitStaffReview,publish review,requireFssAdmin,Phase 7 S08 desktop matches the completed request journey,Phase 7 S08 mobile matches the completed request journey,components/portal/requests/accessibility.test.tsx,7,verified
S09,shared,request-loading,docs/design/fss-studio-experience/wireframes/S09.svg,/portal/requests?state=loading,client request list loads,ClientRequestList,listPortalRequests,no command,requirePortalMember:request.view,Phase 7 S09 desktop matches the completed request journey,Phase 7 S09 mobile matches the completed request journey,components/portal/requests/accessibility.test.tsx,7,verified
S10,shared,viewer-access,docs/design/fss-studio-experience/wireframes/S10.svg,/portal/settings?state=viewer,viewer sees read-only notice,NotificationPreferences,loadNotificationPreferences,view project,requirePortalMember:settings.view,Phase 5 S10 desktop matches the approved client workspace,Phase 5 S10 mobile matches the approved client workspace,components/portal/workspace/notification-preferences.test.tsx,5,verified
